,name,Bplaces,Btransitions,Barcs,cfp-Aplaces,cfp-Atransitions,cfp-Aarcs,cfp-unfoldingtime,colorfixedpoint,trunk-Aplaces,trunk-Atransitions,trunk-Aarcs,trunk-unfoldingtime,size_ratio,unfolding_ratio
SharedMemory-COL-001000,SharedMemory-COL-001000,6.0,5.0,16.0,1004001.0,2002000.0,8004000.0,9.045398124999998,8.246875e-05,1004001.0,2002000.0,8004000.0,215.78878125000003,1.0,0.04191821530921222
SharedMemory-COL-000500,SharedMemory-COL-000500,6.0,5.0,16.0,252001.0,501000.0,2002000.0,2.415885,7.909375e-05,252001.0,501000.0,2002000.0,14.725990625000001,1.0,0.1640612272052156
FamilyReunion-COL-L01200M0120C060P060G030,FamilyReunion-COL-L01200M0120C060P060G030,104.0,66.0,198.0,4612908.0,4405329.0,13507769.0,22.840753125000003,0.0006068124999999999,4614109.0,4405329.0,13507769.0,138.92840625,0.9998668431447725,0.16441101250666657
FamilyReunion-COL-L00800M0080C040P040G020,FamilyReunion-COL-L00800M0080C040P040G020,104.0,66.0,198.0,2075308.0,1976909.0,6061249.0,9.92298875,0.0005895937500000001,2076109.0,1976909.0,6061249.0,32.75216249999999,0.9998023694935477,0.30299001917048995
SafeBus-COL-80,SafeBus-COL-80,20.0,14.0,68.0,13766.0,550801.0,4308564.0,2.6662953125,0.5140172500000001,13766.0,550801.0,4308564.0,6.88255,1.0,0.46208346652040305
SharedMemory-COL-000200,SharedMemory-COL-000200,6.0,5.0,16.0,40801.0,80400.0,320800.0,0.33237775,8.46875e-05,40801.0,80400.0,320800.0,0.6311875312500002,1.0,0.5267252932604567
SafeBus-COL-50,SafeBus-COL-50,20.0,14.0,68.0,5606.0,140251.0,1083354.0,0.6479088125000001,0.13481484375000002,5606.0,140251.0,1083354.0,1.2807368749999999,1.0,0.6111510268258655
NeoElection-COL-2,NeoElection-COL-2,18.0,22.0,98.0,41.0,21.0,89.0,0.00030571875,0.0012279687500000001,438.0,375.0,2106.0,0.0024661874999999996,0.07626076260762607,0.6218860082617401
FamilyReunion-COL-L00400M0040C020P020G001,FamilyReunion-COL-L00400M0040C020P020G001,104.0,66.0,198.0,537708.0,508489.0,1558729.0,2.5288081250000003,0.0005899999999999999,538109.0,508489.0,1558729.0,4.03778875,0.9996168538445516,0.6264315152693415
NeoElection-COL-3,NeoElection-COL-3,18.0,22.0,98.0,84.0,60.0,300.0,0.0006394687500000002,0.00377103125,972.0,1048.0,6032.0,0.006810718749999999,0.07128712871287128,0.6475821659791782
NeoElection-COL-4,NeoElection-COL-4,18.0,22.0,98.0,145.0,130.0,698.0,0.0012150937499999998,0.009841718749999999,1830.0,2390.0,13865.0,0.015269124999999998,0.06516587677725119,0.7241287565593969
NeoElection-COL-5,NeoElection-COL-5,18.0,22.0,98.0,224.0,240.0,1340.0,0.0021620312499999995,0.022209750000000004,3090.0,4746.0,27594.0,0.03080296875,0.059213884635017866,0.7912153353725038
SharedMemory-COL-000100,SharedMemory-COL-000100,6.0,5.0,16.0,10401.0,20200.0,80400.0,0.07192962500000001,7.884374999999999e-05,10401.0,20200.0,80400.0,0.08707206250000002,1.0,0.8269985421558149
Philosophers-COL-100000,Philosophers-COL-100000,5.0,5.0,15.0,500000.0,500000.0,1600000.0,10.41970625,7.356249999999999e-05,500000.0,500000.0,1600000.0,12.166037500000002,1.0,0.8564645483379449
FamilyReunion-COL-L00200M0020C010P010G005,FamilyReunion-COL-L00200M0020C010P010G005,104.0,66.0,198.0,143908.0,134279.0,411469.0,0.6736706874999999,0.0005901249999999999,144109.0,134279.0,411469.0,0.7805230937499998,0.9992779861200913,0.8638576076724829
NeoElection-COL-6,NeoElection-COL-6,18.0,22.0,98.0,321.0,399.0,2283.0,0.0034060312500000006,0.044249093749999996,4830.0,8533.0,49616.0,0.0548725,0.053880116740252934,0.8684700897535196
Philosophers-COL-050000,Philosophers-COL-050000,5.0,5.0,15.0,250000.0,250000.0,800000.0,3.3347703124999994,7.45625e-05,250000.0,250000.0,800000.0,3.5837065625,1.0,0.9305574596692442
NeoElection-COL-7,NeoElection-COL-7,18.0,22.0,98.0,436.0,616.0,3584.0,0.00517675,0.08131543749999999,7128.0,14240.0,82736.0,0.09258718749999999,0.0492324971920629,0.9341701571829255
Referendum-COL-1000,Referendum-COL-1000,4.0,3.0,6.0,3001.0,2001.0,5001.0,0.005301562499999998,2.578125e-05,3001.0,2001.0,5001.0,0.00569334375,1.0,0.9357144033328391
FamilyReunion-COL-L00100M0010C005P005G002,FamilyReunion-COL-L00100M0010C005P005G002,104.0,66.0,198.0,40605.0,36871.0,112728.0,0.1518824375,0.00058728125,40706.0,36871.0,112728.0,0.16148865624999997,0.998698067726259,0.9441512629466815
Philosophers-COL-010000,Philosophers-COL-010000,5.0,5.0,15.0,50000.0,50000.0,160000.0,0.273350875,6.840624999999999e-05,50000.0,50000.0,160000.0,0.2866202187500001,1.0,0.9539427554777131
SafeBus-COL-20,SafeBus-COL-20,20.0,14.0,68.0,1046.0,10501.0,77544.0,0.04389200000000001,0.011735874999999998,1046.0,10501.0,77544.0,0.05800384374999999,1.0,0.9590377361845096
Philosophers-COL-005000,Philosophers-COL-005000,5.0,5.0,15.0,25000.0,25000.0,80000.0,0.10021209375000002,6.221874999999999e-05,25000.0,25000.0,80000.0,0.10342012500000003,1.0,0.9695822017233106
GlobalResAllocation-COL-06,GlobalResAllocation-COL-06,5.0,7.0,29.0,102.0,136662.0,1226388.0,0.816403,0.00024368750000000003,102.0,136662.0,1226388.0,0.8201120624999999,1.0,0.9957745103889386
NeoElection-COL-8,NeoElection-COL-8,18.0,22.0,98.0,569.0,900.0,5300.0,0.007536875,0.13946271875000002,10062.0,22428.0,130167.0,0.14738075000000003,0.045213911972914744,0.9974137989527125
DrinkVendingMachine-COL-24,DrinkVendingMachine-COL-24,6.0,7.0,28.0,288.0,8308944.0,80375328.0,43.86336562500001,0.00020531249999999993,288.0,8308944.0,80375328.0,43.93735937500001,1.0,0.9983205991768822
PolyORBNT-COL-S10J30,PolyORBNT-COL-S10J30,48.0,38.0,140.0,664.0,12050.0,112559.0,0.07092546875000001,0.0005209375,694.0,12080.0,112619.0,0.07149609374999998,0.9953029591357445,0.999305031961974
DatabaseWithMutex-COL-40,DatabaseWithMutex-COL-40,11.0,8.0,22.0,12920.0,12800.0,156800.0,0.13009578125,0.0008393437499999997,12920.0,12800.0,156800.0,0.1307023125,1.0,1.0017812423938557
Referendum-COL-0500,Referendum-COL-0500,4.0,3.0,6.0,1501.0,1001.0,2501.0,0.0026014062500000004,2.690625e-05,1501.0,1001.0,2501.0,0.0026189062499999993,1.0,1.0035916711413404
AirplaneLD-COL-4000,AirplaneLD-COL-4000,20.0,15.0,56.0,28019.0,32008.0,122028.0,0.14035503124999996,0.000167,28019.0,32008.0,122028.0,0.1398123125,1.0,1.0050762249569396
GlobalResAllocation-COL-11,GlobalResAllocation-COL-11,5.0,7.0,29.0,297.0,2705087.0,25497868.0,16.8680375,0.00024312499999999996,297.0,2705087.0,25497868.0,16.77205625,1.0,1.0057371841332814
DrinkVendingMachine-COL-10,DrinkVendingMachine-COL-10,6.0,7.0,28.0,120.0,111160.0,1026520.0,0.5411578750000001,0.00020712500000000003,120.0,111160.0,1026520.0,0.53805965625,1.0,1.0061430804402558
PolyORBNT-COL-S10J80,PolyORBNT-COL-S10J80,48.0,38.0,140.0,1614.0,13500.0,119759.0,0.07798071875000001,0.00051553125,1694.0,13580.0,119919.0,0.07768771875,0.9895246824669373,1.0104074525936575
GlobalResAllocation-COL-07,GlobalResAllocation-COL-07,5.0,7.0,29.0,133.0,291067.0,2652580.0,1.7829346875,0.00024440625,133.0,291067.0,2652580.0,1.7606550000000003,1.0,1.012793019501265
PolyORBNT-COL-S10J60,PolyORBNT-COL-S10J60,48.0,38.0,140.0,1234.0,12920.0,116879.0,0.07514371875,0.0005141562500000001,1294.0,12980.0,116999.0,0.07452696875,0.9915931063472047,1.015174456562075
PolyORBNT-COL-S10J20,PolyORBNT-COL-S10J20,48.0,38.0,140.0,474.0,11760.0,111119.0,0.07020321874999999,0.0005160624999999999,494.0,11780.0,111159.0,0.0696324375,0.9967410787029494,1.0156082967797873
GlobalResAllocation-COL-09,GlobalResAllocation-COL-09,5.0,7.0,29.0,207.0,1003437.0,9334944.0,6.1559653125,0.00024328125000000004,207.0,1003437.0,9334944.0,6.051768125000001,1.0,1.0172578437561997
GlobalResAllocation-COL-10,GlobalResAllocation-COL-10,5.0,7.0,29.0,250.0,1688410.0,15821020.0,10.531637499999999,0.00023596874999999999,250.0,1688410.0,15821020.0,10.337165625000003,1.0,1.0188357090147713
PolyORBNT-COL-S10J40,PolyORBNT-COL-S10J40,48.0,38.0,140.0,854.0,12340.0,113999.0,0.07233187499999999,0.0005194687500000001,894.0,12380.0,114079.0,0.07131590625000002,0.9939731806539099,1.0215300846716784
GlobalResAllocation-COL-03,GlobalResAllocation-COL-03,5.0,7.0,29.0,33.0,4791.0,38652.0,0.025632406249999996,0.0002423125,33.0,4791.0,38652.0,0.025313281250000003,1.0,1.0221795623591863
DrinkVendingMachine-COL-16,DrinkVendingMachine-COL-16,6.0,7.0,28.0,192.0,1118560.0,10642624.0,6.134297500000001,0.00021231249999999996,192.0,1118560.0,10642624.0,5.986439687500001,1.0,1.0247342548709175
SharedMemory-COL-000050,SharedMemory-COL-000050,6.0,5.0,16.0,2701.0,5100.0,20200.0,0.0167626875,7.674999999999998e-05,2701.0,5100.0,20200.0,0.016372124999999998,1.0,1.0285431793368305
GlobalResAllocation-COL-05,GlobalResAllocation-COL-05,5.0,7.0,29.0,75.0,56105.0,492760.0,0.32252,0.00023350000000000006,75.0,56105.0,492760.0,0.31371390624999995,1.0,1.0288147690297043
DatabaseWithMutex-COL-20,DatabaseWithMutex-COL-20,11.0,8.0,22.0,3260.0,3200.0,23200.0,0.020071000000000002,0.00044699999999999986,3260.0,3200.0,23200.0,0.019668000000000005,1.0,1.043217408989221
AirplaneLD-COL-2000,AirplaneLD-COL-2000,20.0,15.0,56.0,14019.0,16008.0,61028.0,0.057308718749999994,0.00015812499999999998,14019.0,16008.0,61028.0,0.05497637499999999,1.0,1.0453007087135158
PhilosophersDyn-COL-10,PhilosophersDyn-COL-10,8.0,7.0,33.0,170.0,2310.0,18190.0,0.010859562499999998,0.00021209375,170.0,2310.0,18190.0,0.010588437500000004,1.0,1.0456364548593684
PhilosophersDyn-COL-20,PhilosophersDyn-COL-20,8.0,7.0,33.0,540.0,17220.0,140780.0,0.08253412499999999,0.00020878124999999998,540.0,17220.0,140780.0,0.07908974999999999,1.0,1.0461900088190947
AirplaneLD-COL-1000,AirplaneLD-COL-1000,20.0,15.0,56.0,7019.0,8008.0,30528.0,0.025192437500000005,0.00015500000000000003,7019.0,8008.0,30528.0,0.024209562499999997,1.0,1.047001055884426
CSRepetitions-COL-10,CSRepetitions-COL-10,6.0,5.0,15.0,1311.0,2300.0,8700.0,0.007268999999999999,6.918749999999998e-05,1311.0,2300.0,8700.0,0.007005843750000001,1.0,1.0474380762488456
AirplaneLD-COL-0500,AirplaneLD-COL-0500,20.0,15.0,56.0,3519.0,4008.0,15278.0,0.0118361875,0.00015118750000000004,3519.0,4008.0,15278.0,0.011417718750000002,1.0,1.0498923000708875
Philosophers-COL-000500,Philosophers-COL-000500,5.0,5.0,15.0,2500.0,2500.0,8000.0,0.00693975,6.881250000000001e-05,2500.0,2500.0,8000.0,0.006664343750000002,1.0,1.0516508095789623
FamilyReunion-COL-L00050M0005C002P002G001,FamilyReunion-COL-L00050M0005C002P002G001,104.0,66.0,198.0,12194.0,10560.0,32238.0,0.03977215625000001,0.0006155625,12245.0,10560.0,32238.0,0.03825575,0.9977636483227362,1.0557293674807058
Philosophers-COL-001000,Philosophers-COL-001000,5.0,5.0,15.0,5000.0,5000.0,16000.0,0.0149321875,7.596875e-05,5000.0,5000.0,16000.0,0.014160812499999996,1.0,1.0598372268540386
PhilosophersDyn-COL-80,PhilosophersDyn-COL-80,8.0,7.0,33.0,6960.0,1043280.0,8780720.0,6.200887187499999,0.00020471874999999993,6960.0,1043280.0,8780720.0,5.844586249999998,1.0,1.0609975866555141
PolyORBLF-COL-S06J04T08,PolyORBLF-COL-S06J04T08,81.0,65.0,254.0,810.0,14014.0,118428.0,0.08095737499999998,0.00260190625,810.0,14014.0,118428.0,0.0786276875,1.0,1.0627208290972563
PolyORBLF-COL-S06J06T06,PolyORBLF-COL-S06J06T06,81.0,65.0,254.0,700.0,10740.0,89778.0,0.06181218749999998,0.0021065000000000007,700.0,10740.0,89778.0,0.059899562499999996,1.0,1.0670977354801212
PolyORBLF-COL-S06J04T06,PolyORBLF-COL-S06J04T06,81.0,65.0,254.0,632.0,10500.0,88770.0,0.06057181249999999,0.002082125,632.0,10500.0,88770.0,0.05856446874999999,1.0,1.0698284956268813
Referendum-COL-0200,Referendum-COL-0200,4.0,3.0,6.0,601.0,401.0,1001.0,0.0010635000000000002,2.98125e-05,601.0,401.0,1001.0,0.0010200937500000002,1.0,1.0717764911313297
PolyORBLF-COL-S06J06T04,PolyORBLF-COL-S06J06T04,81.0,65.0,254.0,506.0,7154.0,59824.0,0.041212500000000006,0.0015292812500000005,506.0,7154.0,59824.0,0.039784531250000005,1.0,1.0743316537127732
PhilosophersDyn-COL-50,PhilosophersDyn-COL-50,8.0,7.0,33.0,2850.0,257550.0,2154950.0,1.4914275,0.0002160625,2850.0,257550.0,2154950.0,1.386170625,1.0,1.0760894334346465
Philosophers-COL-002000,Philosophers-COL-002000,5.0,5.0,15.0,10000.0,10000.0,32000.0,0.032570562500000004,6.993749999999999e-05,10000.0,10000.0,32000.0,0.030241999999999998,1.0,1.079310230804841
AirplaneLD-COL-0200,AirplaneLD-COL-0200,20.0,15.0,56.0,1419.0,1608.0,6128.0,0.00462978125,0.00014890625000000003,1419.0,1608.0,6128.0,0.004426656249999999,1.0,1.0795253189131189
PolyORBLF-COL-S06J06T08,PolyORBLF-COL-S06J06T08,81.0,65.0,254.0,894.0,14334.0,119772.0,0.0824516875,0.00261190625,894.0,14334.0,119772.0,0.07866687500000004,1.0,1.081314006054009
PolyORBLF-COL-S06J04T04,PolyORBLF-COL-S06J04T04,81.0,65.0,254.0,454.0,6994.0,59152.0,0.04055800000000001,0.0015320312499999998,454.0,6994.0,59152.0,0.038892437499999995,1.0,1.0822163370449593
Philosophers-COL-000200,Philosophers-COL-000200,5.0,5.0,15.0,1000.0,1000.0,3200.0,0.0027789999999999994,7.0875e-05,1000.0,1000.0,3200.0,0.0026254687500000006,1.0,1.085472832232339
PolyORBNT-COL-S05J80,PolyORBNT-COL-S05J80,48.0,38.0,140.0,1189.0,2350.0,14464.0,0.011258281249999998,0.00051196875,1269.0,2430.0,14624.0,0.010840125,0.9567450662341174,1.0858038998627781
SafeBus-COL-15,SafeBus-COL-15,20.0,14.0,68.0,636.0,4801.0,34684.0,0.019958625,0.0064199687499999995,636.0,4801.0,34684.0,0.02414275,1.0,1.0926093237100163
PolyORBNT-COL-S05J40,PolyORBNT-COL-S05J40,48.0,38.0,140.0,629.0,1590.0,10704.0,0.008064875,0.0005229375,669.0,1630.0,10784.0,0.0078039999999999984,0.9652022618529795,1.1004372757560228
CSRepetitions-COL-07,CSRepetitions-COL-07,6.0,5.0,15.0,498.0,833.0,3087.0,0.0026483124999999996,7.003125e-05,498.0,833.0,3087.0,0.002453093750000001,1.0,1.1081287659715404
PolyORBNT-COL-S05J30,PolyORBNT-COL-S05J30,48.0,38.0,140.0,489.0,1400.0,9764.0,0.007185124999999999,0.0005100625000000001,519.0,1430.0,9824.0,0.0069369375,0.9692149820420729,1.1093061599589153
PolyORBNT-COL-S05J60,PolyORBNT-COL-S05J60,48.0,38.0,140.0,909.0,1970.0,12584.0,0.009709687500000001,0.0005100625,969.0,2030.0,12704.0,0.00916271875,0.9599866622207403,1.115362184395325
AirplaneLD-COL-0100,AirplaneLD-COL-0100,20.0,15.0,56.0,719.0,808.0,3078.0,0.00233059375,0.00016268750000000002,719.0,808.0,3078.0,0.0022282500000000006,1.0,1.1189414338606527
Referendum-COL-0100,Referendum-COL-0100,4.0,3.0,6.0,301.0,201.0,501.0,0.0005497187499999999,2.7406250000000005e-05,301.0,201.0,501.0,0.0005155312499999999,1.0,1.1194762684124384
Philosophers-COL-000100,Philosophers-COL-000100,5.0,5.0,15.0,500.0,500.0,1600.0,0.0014052812499999998,7.331249999999999e-05,500.0,500.0,1600.0,0.0013191562499999998,1.0,1.1208632411816266
PolyORBNT-COL-S05J20,PolyORBNT-COL-S05J20,48.0,38.0,140.0,349.0,1210.0,8824.0,0.006419406249999998,0.00051409375,369.0,1230.0,8864.0,0.0061675312499999985,0.9749843652282677,1.1241937363511534
SharedMemory-COL-000020,SharedMemory-COL-000020,6.0,5.0,16.0,481.0,840.0,3280.0,0.00273440625,7.512500000000001e-05,481.0,840.0,3280.0,0.0024858125000000006,1.0,1.13022653558947
FamilyReunion-COL-L00020M0002C001P001G001,FamilyReunion-COL-L00020M0002C001P001G001,104.0,66.0,198.0,3271.0,2753.0,8446.0,0.009938687499999998,0.0005886249999999998,3292.0,2753.0,8446.0,0.009187125,0.9965260545905708,1.14587670245044
DatabaseWithMutex-COL-10,DatabaseWithMutex-COL-10,11.0,8.0,22.0,830.0,800.0,3800.0,0.0038119062499999998,0.00026778124999999995,830.0,800.0,3800.0,0.00354728125,1.0,1.150088536114806
CSRepetitions-COL-05,CSRepetitions-COL-05,6.0,5.0,15.0,206.0,325.0,1175.0,0.0010550312500000004,6.559375e-05,206.0,325.0,1175.0,0.0009602812499999999,1.0,1.166975820885809
Referendum-COL-0050,Referendum-COL-0050,4.0,3.0,6.0,151.0,101.0,251.0,0.00028803125,2.8781250000000005e-05,151.0,101.0,251.0,0.00027049999999999996,1.0,1.171210720887246
PermAdmissibility-COL-02,PermAdmissibility-COL-02,40.0,16.0,83.0,168.0,592.0,3456.0,0.002313093750000001,0.0013523125,208.0,1024.0,5984.0,0.00309365625,0.6168831168831169,1.1848136812226637
Philosophers-COL-000050,Philosophers-COL-000050,5.0,5.0,15.0,250.0,250.0,800.0,0.0007206874999999999,6.75625e-05,250.0,250.0,800.0,0.0006609999999999999,1.0,1.1925113464447805
PolyORBLF-COL-S04J04T08,PolyORBLF-COL-S04J04T08,81.0,65.0,254.0,712.0,4012.0,27744.0,0.020566312500000006,0.0025923750000000005,712.0,4012.0,27744.0,0.019268187500000002,1.0,1.2019131275321047
PolyORBLF-COL-S04J06T06,PolyORBLF-COL-S04J06T06,81.0,65.0,254.0,618.0,3190.0,21570.0,0.016098718749999998,0.002078906249999999,618.0,3190.0,21570.0,0.015119937499999996,1.0,1.2022288451919858
PolyORBLF-COL-S04J06T08,PolyORBLF-COL-S04J06T08,81.0,65.0,254.0,792.0,4268.0,28832.0,0.021691031249999996,0.0026233437500000002,792.0,4268.0,28832.0,0.020224312500000004,1.0,1.2022349338203704
PolyORBLF-COL-S04J06T10,PolyORBLF-COL-S04J06T10,81.0,65.0,254.0,966.0,5354.0,36134.0,0.027087937500000003,0.00328275,966.0,5354.0,36134.0,0.025253843749999994,1.0,1.202616433389472
PolyORBLF-COL-S04J04T06,PolyORBLF-COL-S04J04T06,81.0,65.0,254.0,554.0,2998.0,20754.0,0.01531675,0.0020882500000000003,554.0,2998.0,20754.0,0.014461124999999998,1.0,1.2035716446680325
PolyORBLF-COL-S04J04T10,PolyORBLF-COL-S04J04T10,81.0,65.0,254.0,870.0,5034.0,34774.0,0.025794281250000006,0.0032560625000000003,870.0,5034.0,34774.0,0.024119562499999997,1.0,1.2044307913959886
CSRepetitions-COL-04,CSRepetitions-COL-04,6.0,5.0,15.0,117.0,176.0,624.0,0.0005810937500000003,6.221874999999999e-05,117.0,176.0,624.0,0.0005259375000000001,1.0,1.223172905525847
SafeBus-COL-10,SafeBus-COL-10,20.0,14.0,68.0,326.0,1651.0,11474.0,0.00683384375,0.00235934375,326.0,1651.0,11474.0,0.007412656250000002,1.0,1.2402015134588222
AirplaneLD-COL-0050,AirplaneLD-COL-0050,20.0,15.0,56.0,369.0,408.0,1553.0,0.0012525625,0.00016215625,369.0,408.0,1553.0,0.0011334375,1.0,1.24816652881169
FamilyReunion-COL-L00010M0001C001P001G001,FamilyReunion-COL-L00010M0001C001P001G001,104.0,66.0,198.0,1475.0,1234.0,3799.0,0.004554718750000001,0.0005909999999999998,1486.0,1234.0,3799.0,0.0041164999999999995,0.9959558823529412,1.2500227742013847
SharedMemory-COL-000010,SharedMemory-COL-000010,6.0,5.0,16.0,141.0,220.0,840.0,0.000777375,8.040624999999999e-05,141.0,220.0,840.0,0.0006770312499999997,1.0,1.2669743826448194
Referendum-COL-0020,Referendum-COL-0020,4.0,3.0,6.0,61.0,41.0,101.0,0.00013343749999999998,2.6937500000000008e-05,61.0,41.0,101.0,0.00012165624999999999,1.0,1.3182635499614692
Philosophers-COL-000020,Philosophers-COL-000020,5.0,5.0,15.0,100.0,100.0,320.0,0.00031515625,6.196875e-05,100.0,100.0,320.0,0.00028418750000000004,1.0,1.3270288102045302
Referendum-COL-0015,Referendum-COL-0015,4.0,3.0,6.0,46.0,31.0,76.0,0.000107875,2.790625000000001e-05,46.0,31.0,76.0,9.903125000000003e-05,1.0,1.3710949826443672
PermAdmissibility-COL-01,PermAdmissibility-COL-01,40.0,16.0,83.0,168.0,592.0,3456.0,0.0022831874999999996,0.0019865000000000004,208.0,1024.0,5984.0,0.0031140312499999996,0.6168831168831169,1.371112605244408
AirplaneLD-COL-0020,AirplaneLD-COL-0020,20.0,15.0,56.0,159.0,168.0,638.0,0.0005585624999999999,0.00015090625,159.0,168.0,638.0,0.00050840625,1.0,1.3954760587620627
CSRepetitions-COL-03,CSRepetitions-COL-03,6.0,5.0,15.0,58.0,81.0,279.0,0.0002978125,6.809375000000001e-05,58.0,81.0,279.0,0.00025703124999999994,1.0,1.423586626139818
DatabaseWithMutex-COL-04,DatabaseWithMutex-COL-04,11.0,8.0,22.0,140.0,128.0,416.0,0.00056496875,0.00016181250000000004,140.0,128.0,416.0,0.00049271875,1.0,1.47504281093423
Philosophers-COL-000010,Philosophers-COL-000010,5.0,5.0,15.0,50.0,50.0,160.0,0.00017128125,6.15625e-05,50.0,50.0,160.0,0.00015049999999999997,1.0,1.5471345514950168
Referendum-COL-0010,Referendum-COL-0010,4.0,3.0,6.0,31.0,21.0,51.0,8.215625e-05,3.059375000000001e-05,31.0,21.0,51.0,7.275e-05,1.0,1.549828178694158
PermAdmissibility-COL-10,PermAdmissibility-COL-10,40.0,16.0,83.0,168.0,592.0,3456.0,0.0022815,0.0025687187499999994,208.0,1024.0,5984.0,0.0031163125,0.6168831168831169,1.5563967830568979
PermAdmissibility-COL-50,PermAdmissibility-COL-50,40.0,16.0,83.0,168.0,592.0,3456.0,0.00228675,0.0025617187500000006,208.0,1024.0,5984.0,0.0031081875,0.6168831168831169,1.5599022742353867
SafeBus-COL-06,SafeBus-COL-06,20.0,14.0,68.0,150.0,463.0,3022.0,0.00205009375,0.0010195625,150.0,463.0,3022.0,0.0019617812500000004,1.0,1.5647291205377762
SharedMemory-COL-000005,SharedMemory-COL-000005,6.0,5.0,16.0,46.0,60.0,220.0,0.00024331249999999998,8.346875e-05,46.0,60.0,220.0,0.00020153125,1.0,1.6214917041401766
AirplaneLD-COL-0010,AirplaneLD-COL-0010,20.0,15.0,56.0,89.0,88.0,333.0,0.00032887499999999996,0.00015299999999999998,89.0,88.0,333.0,0.00029053125,1.0,1.658599548241368
PermAdmissibility-COL-05,PermAdmissibility-COL-05,40.0,16.0,83.0,168.0,592.0,3456.0,0.0022936562500000006,0.0028614687499999994,208.0,1024.0,5984.0,0.0031035312500000004,0.6168831168831169,1.661051423277919
PermAdmissibility-COL-20,PermAdmissibility-COL-20,40.0,16.0,83.0,168.0,592.0,3456.0,0.0022915624999999998,0.002865062499999999,208.0,1024.0,5984.0,0.0031041249999999992,0.6168831168831169,1.6612169290862966
PhilosophersDyn-COL-03,PhilosophersDyn-COL-03,8.0,7.0,33.0,30.0,84.0,564.0,0.00048259375000000006,0.00021031249999999994,30.0,84.0,564.0,0.0004154374999999999,1.0,1.6678952911087712
PolyORBLF-COL-S02J06T10,PolyORBLF-COL-S02J06T10,81.0,65.0,254.0,844.0,1812.0,8302.0,0.007255906249999999,0.0032401250000000004,844.0,1812.0,8302.0,0.006127406250000001,1.0,1.7129648046430734
CSRepetitions-COL-02,CSRepetitions-COL-02,6.0,5.0,15.0,23.0,28.0,92.0,0.00012706249999999998,6.334374999999998e-05,23.0,28.0,92.0,0.000110875,1.0,1.7173055242390076
PolyORBLF-COL-S02J06T08,PolyORBLF-COL-S02J06T08,81.0,65.0,254.0,690.0,1434.0,6564.0,0.005748781250000002,0.0026309062499999996,690.0,1434.0,6564.0,0.0048587187499999985,1.0,1.7246702126975355
PolyORBLF-COL-S02J06T06,PolyORBLF-COL-S02J06T06,81.0,65.0,254.0,536.0,1064.0,4866.0,0.00436584375,0.0020914062500000004,536.0,1064.0,4866.0,0.0037339375000000003,1.0,1.729340675895084
PolyORBLF-COL-S02J04T10,PolyORBLF-COL-S02J04T10,81.0,65.0,254.0,752.0,1572.0,7262.0,0.006318031249999998,0.003274125,752.0,1572.0,7262.0,0.005371812500000001,1.0,1.7856461389894
PolyORBLF-COL-S02J04T08,PolyORBLF-COL-S02J04T08,81.0,65.0,254.0,614.0,1242.0,5732.0,0.0050383749999999995,0.0026026249999999995,614.0,1242.0,5732.0,0.00427121875,1.0,1.7889507532247086
PolyORBLF-COL-S02J04T06,PolyORBLF-COL-S02J04T06,81.0,65.0,254.0,476.0,920.0,4242.0,0.0038466875,0.0021050000000000005,476.0,920.0,4242.0,0.003222906249999999,1.0,1.8466834088022268
DrinkVendingMachine-COL-02,DrinkVendingMachine-COL-02,6.0,7.0,28.0,24.0,72.0,440.0,0.00034759375000000003,0.00021459375,24.0,72.0,440.0,0.00030003125000000006,1.0,1.8737631496719087
Philosophers-COL-000005,Philosophers-COL-000005,5.0,5.0,15.0,25.0,25.0,80.0,0.00010578125000000004,6.953125000000001e-05,25.0,25.0,80.0,8.556249999999999e-05,1.0,2.0489408327246177
DatabaseWithMutex-COL-02,DatabaseWithMutex-COL-02,11.0,8.0,22.0,38.0,32.0,88.0,0.00017834375,0.00012146874999999998,38.0,32.0,88.0,0.0001361875,1.0,2.2014685635612667
SafeBus-COL-03,SafeBus-COL-03,20.0,14.0,68.0,60.0,97.0,568.0,0.0005099062499999999,0.0005139375,60.0,97.0,568.0,0.00043515625,1.0,2.352818671454219
QuasiCertifProtocol-COL-02,QuasiCertifProtocol-COL-02,30.0,26.0,77.0,86.0,56.0,223.0,0.00029609375,0.00032334375000000006,86.0,56.0,223.0,0.00024953124999999997,1.0,2.482404508453351
LamportFastMutEx-COL-2,LamportFastMutEx-COL-2,18.0,17.0,68.0,44.0,62.0,256.0,0.00033787499999999996,0.00068525,69.0,96.0,402.0,0.00036434375000000003,0.6424242424242425,2.8081310575521052
DotAndBoxes-COL-5,DotAndBoxes-COL-5,8.0,8.0,44.0,356.0,10424.0,121568.0,0.10463037499999998,0.1740671875,360.0,10472.0,121760.0,0.09855596875,0.9951994091580503,2.8278100863373634
LamportFastMutEx-COL-3,LamportFastMutEx-COL-3,18.0,17.0,68.0,71.0,114.0,480.0,0.0005503750000000002,0.001282375,100.0,156.0,664.0,0.0005622499999999999,0.72265625,3.2596709648732776
DotAndBoxes-COL-4,DotAndBoxes-COL-4,8.0,8.0,44.0,230.0,3920.0,45056.0,0.03782590625,0.08554900000000003,234.0,3956.0,45200.0,0.036227187499999994,0.9904534606205251,3.4055888619562324
QuasiCertifProtocol-COL-06,QuasiCertifProtocol-COL-06,30.0,26.0,77.0,270.0,116.0,659.0,0.0006921562499999998,0.0014915625000000003,270.0,116.0,659.0,0.0006321874999999998,1.0,3.45422639644093
LamportFastMutEx-COL-4,LamportFastMutEx-COL-4,18.0,17.0,68.0,102.0,180.0,768.0,0.00078940625,0.0023062812499999993,135.0,230.0,990.0,0.00079128125,0.7726027397260274,3.912246751708068
DotAndBoxes-COL-3,DotAndBoxes-COL-3,8.0,8.0,44.0,132.0,1072.0,11968.0,0.01030784375,0.03222571875,136.0,1096.0,12064.0,0.0098603125,0.9772727272727273,4.313612017874687
LamportFastMutEx-COL-5,LamportFastMutEx-COL-5,18.0,17.0,68.0,137.0,260.0,1120.0,0.0011340312499999996,0.004102374999999998,174.0,318.0,1380.0,0.0010633125,0.806910569105691,4.924616469758418
QuasiCertifProtocol-COL-10,QuasiCertifProtocol-COL-10,30.0,26.0,77.0,550.0,176.0,1287.0,0.0020222187499999997,0.004907593749999999,550.0,176.0,1287.0,0.00120796875,1.0,5.736748156771438
LamportFastMutEx-COL-6,LamportFastMutEx-COL-6,18.0,17.0,68.0,176.0,354.0,1536.0,0.0014713749999999998,0.006997531249999999,217.0,420.0,1834.0,0.0013737812500000002,0.8320251177394035,6.164668683605923
Peterson-COL-2,Peterson-COL-2,11.0,14.0,42.0,108.0,138.0,432.0,0.0007382187499999999,0.00282409375,108.0,138.0,432.0,0.00053203125,1.0,6.695682819383261
LamportFastMutEx-COL-7,LamportFastMutEx-COL-7,18.0,17.0,68.0,219.0,462.0,2016.0,0.00188365625,0.011374625000000001,264.0,536.0,2352.0,0.0017458437500000002,0.85125,7.594196931999211
QuasiCertifProtocol-COL-18,QuasiCertifProtocol-COL-18,30.0,26.0,77.0,1398.0,296.0,3119.0,0.0030917500000000007,0.02470596875,1398.0,296.0,3119.0,0.00304065625,1.0,9.142012928952427
Peterson-COL-3,Peterson-COL-3,11.0,14.0,42.0,256.0,356.0,1112.0,0.0016569687500000005,0.00981571875,256.0,356.0,1112.0,0.0012479375000000001,1.0,9.193318976310914
LamportFastMutEx-COL-8,LamportFastMutEx-COL-8,18.0,17.0,68.0,266.0,584.0,2560.0,0.0023073749999999995,0.017695000000000002,315.0,666.0,2934.0,0.0021745625000000003,0.8664627930682977,9.198344494582244
QuasiCertifProtocol-COL-22,QuasiCertifProtocol-COL-22,30.0,26.0,77.0,1966.0,356.0,4323.0,0.004270124999999999,0.044116687499999994,1966.0,356.0,4323.0,0.00428196875,1.0,11.300132094611852
Peterson-COL-4,Peterson-COL-4,11.0,14.0,42.0,500.0,730.0,2280.0,0.00329390625,0.026828218749999997,500.0,730.0,2280.0,0.002513125,1.0,11.985923899527478
TokenRing-COL-005,TokenRing-COL-005,1.0,2.0,4.0,36.0,156.0,624.0,0.0007759687500000001,0.007750781250000002,36.0,156.0,624.0,0.000599375,1.0,14.226068821689262
QuasiCertifProtocol-COL-28,QuasiCertifProtocol-COL-28,30.0,26.0,77.0,2998.0,446.0,6489.0,0.00638240625,0.09252784375000003,2998.0,446.0,6489.0,0.006743781249999998,1.0,14.666882915278437
DotAndBoxes-COL-2,DotAndBoxes-COL-2,8.0,8.0,44.0,54.0,64.0,576.0,0.0007129687500000001,0.022549625000000004,66.0,164.0,1616.0,0.0014866562500000006,0.5130434782608696,15.647594223614233
QuasiCertifProtocol-COL-32,QuasiCertifProtocol-COL-32,30.0,26.0,77.0,3806.0,506.0,8173.0,0.008139906249999999,0.13821278125,3806.0,506.0,8173.0,0.008821843749999999,1.0,16.589807261095505
Peterson-COL-5,Peterson-COL-5,11.0,14.0,42.0,864.0,1302.0,4068.0,0.0154458125,0.06205540625,864.0,1302.0,4068.0,0.004471968750000001,1.0,17.330447300196358
BridgeAndVehicles-COL-V04P05N02,BridgeAndVehicles-COL-V04P05N02,15.0,11.0,56.0,28.0,52.0,326.0,0.00031640625,0.0043379062500000015,28.0,52.0,326.0,0.00024871875,1.0,18.71315491895967
Peterson-COL-6,Peterson-COL-6,11.0,14.0,42.0,1372.0,2114.0,6608.0,0.009109156249999998,0.12976984375,1372.0,2114.0,6608.0,0.007329499999999999,1.0,18.947950064806605
Peterson-COL-7,Peterson-COL-7,11.0,14.0,42.0,2048.0,3208.0,10032.0,0.013916343749999997,0.25159012499999994,2048.0,3208.0,10032.0,0.011078718749999997,1.0,23.96544896042243
TokenRing-COL-010,TokenRing-COL-010,1.0,2.0,4.0,121.0,1111.0,4444.0,0.004912906250000001,0.11733915625,121.0,1111.0,4444.0,0.003927375,1.0,31.128186765969637
TokenRing-COL-015,TokenRing-COL-015,1.0,2.0,4.0,256.0,3616.0,14464.0,0.015747375,0.6910975000000001,256.0,3616.0,14464.0,0.01233940625,1.0,57.28354028379608
BridgeAndVehicles-COL-V10P10N10,BridgeAndVehicles-COL-V10P10N10,15.0,11.0,56.0,48.0,288.0,2090.0,0.00140546875,0.11066924999999998,48.0,288.0,2090.0,0.0012886875000000001,1.0,86.96811193559336
TokenRing-COL-020,TokenRing-COL-020,1.0,2.0,4.0,441.0,8421.0,33684.0,0.03871240625,2.56333625,441.0,8421.0,33684.0,0.029707187500000006,1.0,87.5898688238326
TokenRing-COL-030,TokenRing-COL-030,1.0,2.0,4.0,961.0,27931.0,111724.0,0.12227165625,17.2694625,961.0,27931.0,111724.0,0.1001740625,1.0,173.61514270472958
BridgeAndVehicles-COL-V20P10N10,BridgeAndVehicles-COL-V20P10N10,15.0,11.0,56.0,68.0,548.0,4070.0,0.00264696875,0.6895421250000001,68.0,548.0,4070.0,0.00291065625,1.0,237.8120376633277
BridgeAndVehicles-COL-V20P20N10,BridgeAndVehicles-COL-V20P20N10,15.0,11.0,56.0,68.0,548.0,4070.0,0.0026570625000000006,0.6917873125,68.0,548.0,4070.0,0.00290428125,1.0,239.11058028556977
TokenRing-COL-040,TokenRing-COL-040,1.0,2.0,4.0,1681.0,65641.0,262564.0,0.294678875,68.801825,1681.0,65641.0,262564.0,0.2591603125,1.0,266.6168411685335
BridgeAndVehicles-COL-V20P10N20,BridgeAndVehicles-COL-V20P10N20,15.0,11.0,56.0,78.0,968.0,7350.0,0.004733750000000001,1.4289975000000001,78.0,968.0,7350.0,0.0052734375,1.0,271.8779259259259
BridgeAndVehicles-COL-V20P20N20,BridgeAndVehicles-COL-V20P20N20,15.0,11.0,56.0,78.0,968.0,7350.0,0.004743906249999999,1.473613125,78.0,968.0,7350.0,0.00527165625,1.0,280.43502101450565
BridgeAndVehicles-COL-V20P20N50,BridgeAndVehicles-COL-V20P20N50,15.0,11.0,56.0,108.0,2228.0,17190.0,0.0107728125,3.6770159375,108.0,2228.0,17190.0,0.012111187499999999,1.0,304.4943982578092
BridgeAndVehicles-COL-V20P10N50,BridgeAndVehicles-COL-V20P10N50,15.0,11.0,56.0,108.0,2228.0,17190.0,0.015692406250000002,3.7246637500000004,108.0,2228.0,17190.0,0.012151375,1.0,307.8134084620053
TokenRing-COL-050,TokenRing-COL-050,1.0,2.0,4.0,2601.0,127551.0,510204.0,0.572576,204.0595625,2601.0,127551.0,510204.0,0.5143438125,1.0,397.85088014449474
BridgeAndVehicles-COL-V50P50N10,BridgeAndVehicles-COL-V50P50N10,15.0,11.0,56.0,128.0,1328.0,10010.0,0.00803196875,9.958046562500002,128.0,1328.0,10010.0,0.010354468750000003,1.0,962.490570194632
BridgeAndVehicles-COL-V50P20N10,BridgeAndVehicles-COL-V50P20N10,15.0,11.0,56.0,128.0,1328.0,10010.0,0.00617209375,10.129970624999999,128.0,1328.0,10010.0,0.010358031249999998,1.0,978.5781172218417
BridgeAndVehicles-COL-V50P20N50,BridgeAndVehicles-COL-V50P20N50,15.0,11.0,56.0,168.0,5408.0,42330.0,0.026021281249999993,45.38540312499999,168.0,5408.0,42330.0,0.04580875000000001,1.0,991.326425764728
BridgeAndVehicles-COL-V50P20N20,BridgeAndVehicles-COL-V50P20N20,15.0,11.0,56.0,138.0,2348.0,18090.0,0.011238593750000001,19.04105625,138.0,2348.0,18090.0,0.019189593749999997,1.0,992.8451374198582
BridgeAndVehicles-COL-V50P50N50,BridgeAndVehicles-COL-V50P50N50,15.0,11.0,56.0,168.0,5408.0,42330.0,0.02598453125,45.753975000000004,168.0,5408.0,42330.0,0.04578574999999999,1.0,999.873531202394
BridgeAndVehicles-COL-V50P50N20,BridgeAndVehicles-COL-V50P50N20,15.0,11.0,56.0,138.0,2348.0,18090.0,0.011017062499999999,19.61775,138.0,2348.0,18090.0,0.019196000000000005,1.0,1022.5446479735359
BridgeAndVehicles-COL-V80P50N10,BridgeAndVehicles-COL-V80P50N10,15.0,11.0,56.0,188.0,2108.0,15950.0,0.009838093749999999,37.90949687500001,188.0,2108.0,15950.0,0.021980124999999996,1.0,1725.1646643843023
BridgeAndVehicles-COL-V80P20N10,BridgeAndVehicles-COL-V80P20N10,15.0,11.0,56.0,188.0,2108.0,15950.0,0.009898031250000001,38.72635,188.0,2108.0,15950.0,0.021991843750000007,1.0,1761.3915627810873
BridgeAndVehicles-COL-V80P20N20,BridgeAndVehicles-COL-V80P20N20,15.0,11.0,56.0,198.0,3728.0,28830.0,0.017782406249999997,72.4941125,198.0,3728.0,28830.0,0.040986625,1.0,1769.159937083134
BridgeAndVehicles-COL-V80P50N50,BridgeAndVehicles-COL-V80P50N50,15.0,11.0,56.0,228.0,8588.0,67470.0,0.04136709374999999,173.14396874999994,228.0,8588.0,67470.0,0.09724050000000002,1.0,1781.0000549539534
BridgeAndVehicles-COL-V80P50N20,BridgeAndVehicles-COL-V80P50N20,15.0,11.0,56.0,198.0,3728.0,28830.0,0.01745878125,72.84479375,198.0,3728.0,28830.0,0.04085734375,1.0,1783.333076596542
BridgeAndVehicles-COL-V80P20N50,BridgeAndVehicles-COL-V80P20N50,15.0,11.0,56.0,228.0,8588.0,67470.0,0.04127853125,173.7148125,228.0,8588.0,67470.0,0.09734712499999999,1.0,1784.9124052841828
BART-COL-002,BART-COL-002,4.0,7.0,26.0,514.0,424.0,3440.0,0.017140093750000005,3.449576875000001,,,,,,
BART-COL-005,BART-COL-005,4.0,7.0,26.0,955.0,1060.0,8600.0,0.012736218750000002,10.732612500000002,,,,,,
BART-COL-010,BART-COL-010,4.0,7.0,26.0,1690.0,2120.0,17200.0,0.023171625,21.048121875,,,,,,
BART-COL-020,BART-COL-020,4.0,7.0,26.0,3160.0,4240.0,34400.0,0.047263312499999995,42.34230625,,,,,,
BART-COL-030,BART-COL-030,4.0,7.0,26.0,4630.0,6360.0,51600.0,0.06771378125,22.595299999999995,,,,,,
BART-COL-040,BART-COL-040,4.0,7.0,26.0,6100.0,8480.0,68800.0,0.09207240625,30.111268749999997,,,,,,
BART-COL-050,BART-COL-050,4.0,7.0,26.0,7570.0,10600.0,86000.0,0.11994106249999997,110.07728125,,,,,,
BART-COL-060,BART-COL-060,4.0,7.0,26.0,9040.0,12720.0,103200.0,0.14209253125000001,46.717353124999995,,,,,,
SharedMemory-COL-002000,SharedMemory-COL-002000,6.0,5.0,16.0,4008001.0,8004000.0,32008000.0,39.911381249999984,8.246875000000004e-05,,,,,,
Sudoku-COL-AN01,Sudoku-COL-AN01,4.0,1.0,4.0,4.0,1.0,4.0,2.76875e-05,6.50625e-05,,,,,,
Sudoku-COL-AN02,Sudoku-COL-AN02,4.0,1.0,4.0,20.0,8.0,32.0,7.387499999999999e-05,6.146874999999999e-05,,,,,,
Sudoku-COL-AN03,Sudoku-COL-AN03,4.0,1.0,4.0,54.0,27.0,108.0,0.00017671874999999998,7.075000000000001e-05,,,,,,
Sudoku-COL-AN04,Sudoku-COL-AN04,4.0,1.0,4.0,112.0,64.0,256.0,0.000359625,6.321875e-05,,,,,,
Sudoku-COL-AN05,Sudoku-COL-AN05,4.0,1.0,4.0,200.0,125.0,500.0,0.0006684062500000001,6.46875e-05,,,,,,
Sudoku-COL-AN06,Sudoku-COL-AN06,4.0,1.0,4.0,324.0,216.0,864.0,0.0011020624999999997,6.403125000000001e-05,,,,,,
Sudoku-COL-AN07,Sudoku-COL-AN07,4.0,1.0,4.0,490.0,343.0,1372.0,0.0017068749999999996,6.559374999999998e-05,,,,,,
Sudoku-COL-AN08,Sudoku-COL-AN08,4.0,1.0,4.0,704.0,512.0,2048.0,0.0025040624999999993,6.990625e-05,,,,,,
Sudoku-COL-AN09,Sudoku-COL-AN09,4.0,1.0,4.0,972.0,729.0,2916.0,0.0035196874999999994,7.209375e-05,,,,,,
Sudoku-COL-AN10,Sudoku-COL-AN10,4.0,1.0,4.0,1300.0,1000.0,4000.0,0.0048129374999999995,5.984375e-05,,,,,,
Sudoku-COL-AN11,Sudoku-COL-AN11,4.0,1.0,4.0,1694.0,1331.0,5324.0,0.0063053125,6.440625e-05,,,,,,
Sudoku-COL-AN12,Sudoku-COL-AN12,4.0,1.0,4.0,2160.0,1728.0,6912.0,0.0082485625,6.846875e-05,,,,,,
Sudoku-COL-AN13,Sudoku-COL-AN13,4.0,1.0,4.0,2704.0,2197.0,8788.0,0.010475781249999998,7.028124999999999e-05,,,,,,
Sudoku-COL-AN14,Sudoku-COL-AN14,4.0,1.0,4.0,3332.0,2744.0,10976.0,0.012834625000000002,7.050000000000002e-05,,,,,,
Sudoku-COL-AN15,Sudoku-COL-AN15,4.0,1.0,4.0,4050.0,3375.0,13500.0,0.015954375000000003,6.540625e-05,,,,,,
Sudoku-COL-AN16,Sudoku-COL-AN16,4.0,1.0,4.0,4864.0,4096.0,16384.0,0.0198455625,6.349999999999998e-05,,,,,,
Sudoku-COL-BN01,Sudoku-COL-BN01,5.0,1.0,5.0,5.0,1.0,5.0,3.415624999999999e-05,0.00010775000000000002,,,,,,
Sudoku-COL-BN04,Sudoku-COL-BN04,5.0,1.0,5.0,128.0,64.0,320.0,0.0006259999999999998,0.00045499999999999995,,,,,,
Sudoku-COL-BN09,Sudoku-COL-BN09,5.0,1.0,5.0,1053.0,729.0,3645.0,0.020912093750000006,0.0023253749999999998,,,,,,
Sudoku-COL-BN16,Sudoku-COL-BN16,5.0,1.0,5.0,5120.0,4096.0,20480.0,0.47129699999999985,0.008494343750000001,,,,,,
,TokenRing-COL-100,,,,,,,,,10201.0,1010101.0,4040404.0,4.435740000000001,,
,TokenRing-COL-200,,,,,,,,,40401.0,8040201.0,32160804.0,35.680503125,,
